Workbook

Sheet ต.ค. 68
A1: รายงานการรับชำระค่าธรรมเนียมผ่านเคาน์เตอร์เซอร์วิส เดือน ตุลาคม 2568
A3: วันที่ชำระ | B3: ข้อมูลกฎหมาย | C3: นำรายได้ ส่ง คพ. (ระบบ Trade) | I3: หมายเหตุ | J3: พน0401.1/ | K3: วันที่ส่ง
B4: กฎหมาย | C4: จาก | D4: ถึง | E4: จำนวนใบเสร็จ | F4: จำนวนเงิน | G4: ยกเลิกใบเสร็จ
G5: จำนวนใบเสร็จ | H5: เลขที่ใบเสร็จ
A6: 1-2 ต.ค. 68 | C6: - | D6: - | E6: - | F6: - | J6: 1705 | K6: 3 ต.ค. 68
A7: 3-5 ต.ค. 68 | C7: - | D7: - | E7: - | F7: - | J7: 1716 | K7: 6 ต.ค. 68
A8: 6 ต.ค. 68 | C8: - | D8: - | E8: - | F8: - | J8: 1721 | K8: 7 ต.ค. 68
A9: 7 ต.ค. 68 | C9: - | D9: - | E9: - | F9: - | J9: 1729 | K9: 8 ต.ค. 68
A10: 8 ต.ค. 68 | C10: - | D10: - | E10: - | F10: - | J10: 1736 | K10: 9 ต.ค. 68
A11: 9 ต.ค. 68 | C11: - | D11: - | E11: - | F11: - | J11: 1748 | K11: 10 ต.ค. 68
A12: 10-13 ต.ค. 68 | C12: - | D12: - | E12: - | F12: - | J12: 1742 | K12: 14 ต.ค. 68
A13: 14 ต.ค. 68 | C13: - | D13: - | E13: - | F13: - | J13: 1756 | K13: 15 ต.ค. 68
A14: 15 ต.ค. 68 | C14: - | D14: - | E14: - | F14: - | J14: 1762 | K14: 16 ต.ค. 68
A15: 16 ต.ค. 68 | C15: - | D15: - | E15: - | F15: - | J15: 1769 | K15: 17 ต.ค. 68
A16: 17-19 ต.ค. 68 | C16: - | D16: - | E16: - | F16: - | J16: 1735 | K16: 20 ต.ค. 68
A17: 20 ต.ค. 68 | C17: - | D17: - | E17: - | F17: - | J17: 1781 | K17: 21 ต.ค. 68
... A24: 30 ต.ค. 68 | C24: - | D24: - | E24: - | F24: - | J24: 1833 | K24: 31 ต.ค. 68
A28: รวม | E28: =SUM(E6:E27) -> 0 | F28: =SUM(F6:F27) -> 0

Sheet พ.ย.68
A1: รายงานการรับชำระค่าธรรมเนียมผ่านเคาน์เตอร์เซอร์วิส เดือน พฤศจิกายน 2568
A3: วันที่ชำระ | B3: ข้อมูลกฎหมาย | C3: นำรายได้ ส่ง คพ. (ระบบ Trade) | I3: หมายเหตุ | J3: พน0401.1/ | K3: วันที่ส่ง
B4: กฎหมาย | C4: จาก | D4: ถึง | E4: จำนวนใบเสร็จ | F4: จำนวนเงิน | G4: ยกเลิกใบเสร็จ
G5: จำนวนใบเสร็จ | H5: เลขที่ใบเสร็จ
A6: 31 ต.ค.-2 พ.ย. 68 | C6: - | D6: - | E6: - | F6: - | J6: 1842 | K6: 3 พ.ย. 68
A7: 3 พ.ย. 68 | C7: - | D7: - | E7: - | F7: - | J7: 1848 | K7: 4 พ.ย. 68
A8: 4 พ.ย. 68 | C8: - | D8: - | E8: - | F8: - | J8: 1856 | K8: 5 พ.ย. 68
A9: 5 พ.ย. 68 | C9: - | D9: - | E9: - | F9: - | J9: 1863 | K9: 6 พ.ย. 68
A10: 6 พ.ย. 68 | C10: - | D10: - | E10: - | F10: - | J10: 1868 | K10: 7 พ.ย. 68
A11: 7 - 9 พ.ย. 68 | C11: - | D11: - | E11: - | F11: - | J11: 1877 | K11: 10 พ.ย. 68
A12: 10 พ.ย. 68 | C12: - | D12: - | E12: - | F12: - | J12: 1884 | K12: 11 พ.ย. 68
A13: 11 พ.ย. 68 | C13: - | D13: - | E13: - | F13: - | J13: 1889 | K13: 12 พ.ย. 68
A14: 12 พ.ย. 68 | C14: - | D14: - | E14: - | F14: - | J14: 1900 | K14: 13 พ.ย. 68
A15: 13 พ.ย. 68 | C15: - | D15: - | E15: - | F15: - | J15: 1906 | K15: 14 พ.ย. 68
A16: 14 - 16 พ.ย. 68 | C16: - | D16: - | E16: - | F16: - | J16: 1910 | K16: 17 พ.ย. 68
A17: 17 พ.ย. 68 | C17: - | D17: - | E17: - | F17: - | J17: 1918 | K17: 18 พ.ย. 68
... A27: 28 - 30 พ.ย. 68 | C27: - | D27: - | E27: - | F27: - | J27: 1983 | K27: 1 ธ.ค. 68
A28: รวม | E28: =SUM(E6:E25) -> 0 | F28: =SUM(F6:F25) -> 0

Sheet ธ.ค. 68
A1: รายงานการรับชำระค่าธรรมเนียมผ่านเคาน์เตอร์เซอร์วิส เดือน ธันวาคม 2568
A3: วันที่ชำระ | B3: ข้อมูลกฎหมาย | C3: นำรายได้ ส่ง คพ. (ระบบ Trade) | I3: หมายเหตุ | J3: พน0401.1/ | K3: วันที่ส่ง
B4: กฎหมาย | C4: จาก | D4: ถึง | E4: จำนวนใบเสร็จ | F4: จำนวนเงิน | G4: ยกเลิกใบเสร็จ
G5: จำนวนใบเสร็จ | H5: เลขที่ใบเสร็จ
A6: 1 ธ.ค. 68 | C6: - | D6: - | E6: - | F6: - | J6: 1990 | K6: 2 ธ.ค. 68
A7: 2 ธ.ค. 68 | C7: - | D7: - | E7: - | F7: - | J7: 1999 | K7: 3 ธ.ค. 68
A8: 3 ธ.ค. 68 | C8: - | D8: - | E8: - | F8: - | J8: 2008 | K8: 4 ธ.ค. 68
A9: 4 - 7 ธ.ค. 68 | C9: - | D9: - | E9: - | F9: - | J9: 2017 | K9: 9 ธ.ค. 68
A10: 8 ธ.ค. 68 | C10: - | D10: - | E10: - | F10: - | J10: 2022 | K10: 11 ธ.ค. 68
A11: 9 - 10 ธ.ค. 68 | C11: - | D11: - | E11: - | F11: - | J11: 2027 | K11: 12 ธ.ค. 68
A12: 11 ธ.ค. 68 | C12: - | D12: - | E12: - | F12: - | J12: 2033 | K12: 12 ธ.ค. 68
A13: 12 - 14 ธ.ค. 68 | C13: ค69/00004 | D13: ค69/00067 | E13: 64 | F13: 92000 | J13: 2040 | K13: 15 ธ.ค. 68
A14: 15 ธ.ค. 68 | C14: ค69/00068 | D14: ค69/00110 | E14: 43 | F14: 69100 | J14: 2053 | K14: 16 ธ.ค. 68
A15: 16 ธ.ค. 68 | C15: ค69/00111 | D15: ค69/00137 | E15: 27 | F15: 41400 | J15: 2060 | K15: 17 ธ.ค. 68
A16: 17 ธ.ค. 68 | C16: ค69/00138 | D16: ค69/00173 | E16: 36 | F16: 52400 | J16: 2068 | K16: 18 ธ.ค. 68
A17: 18 ธ.ค. 68 | C17: ค69/00174 | D17: ค69/00215 | E17: 42 | F17: 83400 | J17: 2077 | K17: 19 ธ.ค. 68
A18: 19 - 21 ธ.ค. 68 | C18: ค69/00216 | D18: ค69/00291 | E18: 76 | F18: 99900 | J18: 2084 | K18: 22 ธ.ค. 68
A19: 22 ธ.ค. 68 | C19: ค69/00292 | D19: ค69/00326 | E19: 35 | F19: 53100 | J19: 2092 | K19: 23 ธ.ค. 68
A20: 23 ธ.ค. 68 | C20: ค69/00327 | D20: ค69/00368 | E20: 42 | F20: 62500 | J20: 2100 | K20: 24 ธ.ค. 68
A21: 24 ธ.ค. 68 | C21: ค69/00369 | D21: ค69/00416 | E21: 48 | F21: 72800 | J21: 2109 | K21: 25 ธ.ค. 68
A25: 25 ธ.ค. 68 | C25: ค69/00417 | D25: ค69/00444 | E25: 28 | F25: 38700 | J25: 2115 | K25: 26 ธ.ค. 68
A26: 26 - 28 ธ.ค. 68 | C26: ค69/00445 | D26: ค69/00532 | E26: 88 | F26: 137800 | J26: 2128 | K26: 29 ธ.ค. 68
A27: 29 ธ.ค. 68 | C27: ค69/00533 | D27: ค69/00572 | E27: 40 | F27: 70300 | J27: 2134 | K27: 30 ธ.ค. 68
A28: รวม | E28: =SUM(E6:E27) -> 569 | F28: =SUM(F6:F27) -> 873400

Sheet ม.ค.69
A1: รายงานการรับชำระค่าธรรมเนียมผ่านเคาน์เตอร์เซอร์วิส เดือน มกราคม 2569
A3: วันที่ชำระ | B3: ข้อมูลกฎหมาย | C3: นำรายได้ ส่ง คพ. (ระบบ Trade) | I3: หมายเหตุ | J3: พน0401.1/ | K3: วันที่ส่ง
B4: กฎหมาย | C4: จาก | D4: ถึง | E4: จำนวนใบเสร็จ | F4: จำนวนเงิน | G4: ยกเลิกใบเสร็จ
G5: จำนวนใบเสร็จ | H5: เลขที่ใบเสร็จ
A6: 30 ธ.ค. 68 - 4 ม.ค. 69 | C6: ค69/00573 | D6: ค69/00672 | E6: 100 | F6: 127100 | J6: 4 | K6: 5 ม.ค. 69
A7: 5 ม.ค. 69 | C7: ค69/00673 | D7: ค69/00737 | E7: 65 | F7: 86200 | J7: 12 | K7: 6 ม.ค. 69
A8: 6 ม.ค. 69 | C8: ค69/00738 | D8: ค69/00797 | E8: 60 | F8: 113300 | J8: 18 | K8: 7 ม.ค. 69
A9: 7 ม.ค. 69 | C9: ค69/00798 | D9: ค69/00842 | E9: 45 | F9: 59500 | J9: 26 | K9: 8 ม.ค. 69
A10: 8 ม.ค. 69 | C10: ค69/00843 | D10: ค69/00889 | E10: 47 | F10: 55800 | J10: 31 | K10: 9 ม.ค. 69
A11: 9 - 11 ม.ค. 69 | C11: ค69/00890 | D11: ค69/00985 | E11: 96 | F11: 126100 | J11: 37 | K11: 12 ม.ค. 69
A12: 12 ม.ค. 69 | C12: ค69/00986 | D12: ค69/01026 | E12: 41 | F12: 46500 | J12: 44 | K12: 13 ม.ค. 69
A13: 13 ม.ค. 69 | C13: ค69/01027 | D13: ค69/01069 | E13: 43 | F13: 56200 | J13: 57 | K13: 14 ม.ค. 69
A14: 14 ม.ค. 69 | C14: ค69/01070 | D14: ค69/01116 | E14: 47 | F14: 59400 | J14: 62 | K14: 15 ม.ค. 69
A15: 15 ม.ค. 69 | C15: ค69/01117 | D15: ค69/01162 | E15: 46 | F15: 68000 | J15: 69 | K15: 16 ม.ค. 69
A16: 16 - 18 ม.ค. 69 | C16: ค69/01163 | D16: ค69/01229 | E16: 67 | F16: 82700 | J16: 79 | K16: 19 ม.ค. 69
A17: 19 ม.ค. 69 | C17: ค69/01230 | D17: ค69/01285 | E17: 56 | F17: 68500 | J17: 83 | K17: 20 ม.ค. 69
... A27: 29 ม.ค. 69 | C27: ค69/01543 | D27: ค69/01569 | E27: 27 | F27: 35000 | J27: 145 | K27: 30 ม.ค. 69
A28: รวม | E28: =SUM(E6:E27) -> 997 | F28: =SUM(F6:F27) -> 1336300

Sheet ก.พ.69
A1: รายงานการรับชำระค่าธรรมเนียมผ่านเคาน์เตอร์เซอร์วิส เดือนกุมภาพันธ์ 2569
A3: วันที่ชำระ | B3: ข้อมูลกฎหมาย | C3: นำรายได้ ส่ง คพ. (ระบบ Trade) | I3: หมายเหตุ | J3: พน0401.1/ | K3: วันที่ส่ง
B4: กฎหมาย | C4: จาก | D4: ถึง | E4: จำนวนใบเสร็จ | F4: จำนวนเงิน | G4: ยกเลิกใบเสร็จ
G5: จำนวนใบเสร็จ | H5: เลขที่ใบเสร็จ
A6: 30 ม.ค. 69 - 1 ก.พ. 69 | C6: ค69/01570 | D6: ค69/01628 | E6: 59 | F6: 69200 | J6: 156 | K6: 2 ก.พ.69
A7: 2 ก.พ. 69 | C7: ค69/01629 | D7: ค69/01659 | E7: 31 | F7: 35200 | J7: 164 | K7: 3 ก.พ.69
A8: 3 ก.พ. 69 | C8: ค69/01660 | D8: ค69/01699 | E8: 40 | F8: 62300 | J8: 171 | K8: 4 ก.พ.69
A9: 4 ก.พ. 69 | C9: ค69/01700 | D9: ค69/01733 | E9: 34 | F9: 141300 | J9: 176 | K9: 5 ก.พ.69
A10: 5 ก.พ. 69 | C10: ค69/01734 | D10: ค69/01767 | E10: 34 | F10: 36200 | J10: 185 | K10: 6 ก.พ.69
A11: 6 - 8 ก.พ. 69 | C11: ค69/01768 | D11: ค69/01818 | E11: 51 | F11: 66400 | J11: 194 | K11: 9 ก.พ.69
A12: 9 ก.พ. 69 | C12: ค69/01819 | D12: ค69/01851 | E12: 33 | F12: 48400 | J12: 205 | K12: 10 ก.พ.69
A13: 10 ก.พ. 69 | C13: ค69/01852 | D13: ค69/01884 | E13: 33 | F13: 39100 | J13: 209 | K13: 11 ก.พ.69
A14: 11 ก.พ. 69 | C14: ค69/01885 | D14: ค69/01907 | E14: 23 | F14: 29800 | J14: 217 | K14: 12 ก.พ.69
A15: 12 ก.พ. 69 | C15: ค69/01908 | D15: ค69/01927 | E15: 20 | F15: 20000 | J15: 221 | K15: 13 ก.พ.69
A16: 13 - 15 ก.พ. 69 | C16: ค69/01928 | D16: ค69/01978 | E16: 51 | F16: 63800 | J16: 230 | K16: 16 ก.พ.69
A17: 16 ก.พ. 69 | C17: ค69/01979 | D17: ค69/02002 | E17: 24 | F17: 26500 | J17: 239 | K17: 17 ก.พ.69
... A27: 26 ก.พ. 69 | C27: ค69/02249 | D27: ค69/02300 | E27: 52 | F27: 81700 | J27: 299 | K27: 27 ก.พ.69
A28: รวม | E28: =SUM(E6:E27) -> 731 | F28: =SUM(F6:F27) -> 1069900

Sheet มี.ค.69
A1: รายงานการรับชำระค่าธรรมเนียมผ่านเคาน์เตอร์เซอร์วิส เดือน มีนาคม 2569
A3: วันที่ชำระ | B3: ข้อมูลกฎหมาย | C3: นำรายได้ ส่ง คพ. (ระบบ Trade) | I3: หมายเหตุ | J3: พน0401.1/ | K3: วันที่ส่ง
B4: กฎหมาย | C4: จาก | D4: ถึง | E4: จำนวนใบเสร็จ | F4: จำนวนเงิน | G4: ยกเลิกใบเสร็จ
G5: จำนวนใบเสร็จ | H5: เลขที่ใบเสร็จ
A6: 27 ก.พ. - 1 มี.ค. 69 | C6: ค69/02301 | D6: ค69/02445 | E6: 145 | F6: 200100 | J6: 303 | K6: 2 มี.ค. 69
A7: 2 - 3 มี.ค. 69 | C7: - | D7: - | E7: - | F7: - | J7: 311 | K7: 4 มี.ค. 69
A8: 4 มี.ค. 69 | C8: - | D8: - | E8: - | F8: - | J8: 319 | K8: 5 มี.ค. 69
A9: 5 มี.ค. 69 | C9: - | D9: - | E9: - | F9: - | J9: 325 | K9: 6 มี.ค. 69
A10: 6 - 8 มี.ค. 69 | C10: ค69/02446 | D10: - | E10: 1 | F10: 2100 | J10: 332 | K10: 9 มี.ค. 69
A11: 9 มี.ค. 69 | C11: ค69/02447 | D11: ค69/02448 | E11: 2 | F11: 4200 | J11: 337 | K11: 10 มี.ค. 69
A12: 10 มี.ค. 69 | C12: - | D12: - | E12: - | F12: - | J12: 345 | K12: 11 มี.ค. 69
A13: 11 มี.ค. 69 | C13: - | D13: - | E13: - | F13: - | J13: 351 | K13: 12 มี.ค. 69
A14: 12 มี.ค. 69 | C14: - | D14: - | E14: - | F14: - | J14: 355 | K14: 13 มี.ค. 69
A15: 13 - 15 มี.ค. 69 | C15: - | D15: - | E15: - | F15: - | J15: 363 | K15: 16 มี.ค. 69
A16: 16 มี.ค. 69 | C16: ค69/02449 | D16: - | E16: 1 | F16: 2100 | J16: 371 | K16: 17 มี.ค. 69
A17: 17 มี.ค. 69 | C17: ค69/02450 | D17: - | E17: 1 | F17: 4800 | J17: 378 | K17: 18 มี.ค. 69
A18: 18 มี.ค. 69 | C18: ค69/02451 | D18: - | E18: 1 | F18: 2100 | J18: 385 | K18: 19 มี.ค. 69
A19: 19 มี.ค. 69 | C19: - | D19: - | E19: - | F19: - | J19: 391 | K19: 20 มี.ค. 69
A20: 20 - 22 มี.ค. 69 | C20: - | D20: - | E20: - | F20: - | J20: 398 | K20: 23 มี.ค. 69
A21: 23 มี.ค. 69 | C21: ค69/02452 | D21: - | E21: 1 | F21: 800 | J21: 403 | K21: 24 มี.ค. 69
A22: 24 มี.ค. 69 | C22: - | D22: - | E22: - | F22: - | J22: 407 | K22: 25 มี.ค. 69
A23: 25 มี.ค. 69 | C23: ค69/02453 | D23: - | E23: 1 | F23: 2100 | J23: 413 | K23: 26 มี.ค. 69
A24: 26 มี.ค. 69 | C24: - | D24: - | E24: - | F24: - | J24: 419 | K24: 27 มี.ค. 69
A25: 27 - 29 มี.ค. 69 | C25: ค69/02454 | D25: - | E25: 1 | F25: 2100 | J25: 428 | K25: 30 มี.ค. 69
A26: 30 มี.ค. 69 | C26: ค69/02455 | D26: - | E26: 1 | F26: 2100 | G26: 17 | H26: ค69/02456 - 02472 | J26: 433 | K26: 31 มี.ค. 69
A27: 31 มี.ค. 69 | C27: ค69/02473 | D27: - | E27: 1 | F27: 2100 | J27: 441 | K27: 1 เม.ย. 69
A28: รวม | E28: =SUM(E6:E27) -> 156 | F28: =SUM(F6:F27) -> 224600

Sheet เม.ย.69
A1: รายงานการรับชำระค่าธรรมเนียมผ่านเคาน์เตอร์เซอร์วิส เดือน เมษายน 2569
A3: วันที่ชำระ | B3: ข้อมูลกฎหมาย | C3: นำรายได้ ส่ง คพ. (ระบบ Trade) | I3: หมายเหตุ | J3: พน0401.1/ | K3: วันที่ส่ง
B4: กฎหมาย | C4: จาก | D4: ถึง | E4: จำนวนใบเสร็จ | F4: จำนวนเงิน | G4: ยกเลิกใบเสร็จ
G5: จำนวนใบเสร็จ | H5: เลขที่ใบเสร็จ
A6: 1 เม.ย. 69 | C6: - | D6: - | E6: - | F6: - | J6: 449 | K6: 2 เม.ย. 69
A7: 2 เม.ย. 69 | C7: - | D7: - | E7: - | F7: - | J7: 455 | K7: 3 เม.ย. 69
A8: 3 - 6 เม.ย. 69 | C8: - | D8: - | E8: - | F8: - | J8: 462 | K8: 7 เม.ย. 69
A9: 7 เม.ย. 69 | C9: - | D9: - | E9: - | F9: - | J9: 466 | K9: 8 เม.ย. 69
A10: 8 เม.ย. 69 | C10: - | D10: - | E10: - | F10: - | J10: 472 | K10: 9 เม.ย. 69
A11: 9 เม.ย. 69 | C11: - | D11: - | E11: - | F11: - | J11: 480 | K11: 10 เม.ย. 69
A12: 10 - 15 เม.ย. 69 | C12: - | D12: - | E12: - | F12: - | J12: 489 | K12: 16 เม.ย. 69
A13: 16 เม.ย. 69 | C13: ค69/02474 | D13: - | E13: 1 | F13: 2100 | J13: 495 | K13: 17 เม.ย. 69
A14: 17 - 19 เม.ย. 69 | C14: - | D14: - | E14: - | F14: - | J14: 501 | K14: 20 เม.ย. 69
A15: 20 เม.ย. 69 | C15: - | D15: - | E15: - | F15: - | J15: 509 | K15: 21 เม.ย. 69
A16: 21 เม.ย. 69 | C16: - | D16: - | E16: - | F16: - | J16: 515 | K16: 22 เม.ย. 69
A17: 22 เม.ย. 69 | C17: - | D17: - | E17: - | F17: - | J17: 522 | K17: 23 เม.ย. 69
A18: 23 เม.ย. 69 | C18: ค69/02475 | D18: - | E18: 1 | F18: 2100 | J18: 528 | K18: 24 เม.ย. 69
A19: 24 - 26 เม.ย. 69 | C19: ค69/02476 | D19: ค69/02477 | E19: 2 | F19: 4200 | J19: 534 | K19: 27 เม.ย. 69
A20: 27 เม.ย. 69 | C20: - | D20: - | E20: - | F20: - | J20: 540 | K20: 28 เม.ย. 69
A25: 28 เม.ย. 69 | C25: ค69/02478 | D25: - | E25: 1 | F25: 100 | J25: 547 | K25: 29 เม.ย. 69
A26: 29 เม.ย. 69 | C26: - | D26: - | E26: - | F26: - | J26: 552 | K26: 30 เม.ย. 69
A27: 30 เม.ย. 69 | C27: - | D27: - | E27: - | F27: - | J27: 558 | K27: 1 พ.ค. 69
A28: รวม | E28: =SUM(E6:E27) -> 5 | F28: =SUM(F6:F27) -> 8500

Sheet พ.ค.69
A1: รายงานการรับชำระค่าธรรมเนียมผ่านเคาน์เตอร์เซอร์วิส เดือน พฤษภาคม 2569
A3: วันที่ชำระ | B3: ข้อมูลกฎหมาย | C3: นำรายได้ ส่ง คพ. (ระบบ Trade) | I3: หมายเหตุ | J3: พน0401.1/ | K3: วันที่ส่ง
B4: กฎหมาย | C4: จาก | D4: ถึง | E4: จำนวนใบเสร็จ | F4: จำนวนเงิน | G4: ยกเลิกใบเสร็จ
G5: จำนวนใบเสร็จ | H5: เลขที่ใบเสร็จ
A6: 1 - 4 พ.ค. 69 | C6: - | D6: - | E6: - | F6: - | J6: 565 | K6: 5 พ.ค. 69
A7: 5 พ.ค. 69 | C7: ค69/02479 | D7: ค69/02479 | E7: 1 | F7: 2100 | J7: 575 | K7: 6 พ.ค. 69
A8: 6 พ.ค. 69 | C8: - | D8: - | E8: - | F8: - | J8: 582 | K8: 7 พ.ค. 69
A9: 7 พ.ค. 69 | C9: - | D9: - | E9: - | F9: - | J9: 587 | K9: 8 พ.ค. 69
A10: 8 - 10 พ.ค. 69 | C10: ค69/02480 | D10: ค69/02480 | E10: 1 | F10: 2100 | J10: 596 | K10: 11 พ.ค. 69
A11: 11 พ.ค. 69 | C11: - | D11: - | E11: - | F11: - | J11: 601 | K11: 12 พ.ค. 69
A12: 12 - 13 พ.ค. 69 | C12: - | D12: - | E12: - | F12: - | J12: 609 | K12: 14 พ.ค. 69
A13: 14 พ.ค. 69 | C13: ค69/02481 | D13: ค69/02481 | E13: 1 | F13: 3000 | J13: 614 | K13: 15 พ.ค. 69
A14: 15 - 17 พ.ค. 69 | C14: - | D14: - | E14: - | F14: - | J14: 621 | K14: 18 พ.ค. 69
A15: 18 พ.ค. 69 | C15: - | D15: - | E15: - | F15: - | J15: 627 | K15: 19 พ.ค. 69
A16: 19 พ.ค. 69 | C16: - | D16: - | E16: - | F16: - | J16: 632 | K16: 20 พ.ค. 69
A17: 20 พ.ค. 69 | C17: - | D17: - | E17: - | F17: - | J17: 639 | K17: 21 พ.ค. 69
A18: 21 พ.ค. 69 | C18: - | D18: - | E18: - | F18: - | J18: 645 | K18: 22 พ.ค. 69
A23: 22 - 24 พ.ค. 69 | C23: - | D23: - | E23: - | F23: - | J23: 650 | K23: 25 พ.ค. 69
A24: 25 พ.ค. 69 | C24: - | D24: - | E24: - | F24: - | J24: 656 | K24: 26 พ.ค. 69
A25: 26 พ.ค. 69 | C25: - | D25: - | E25: - | F25: - | J25: 661 | K25: 27 พ.ค. 69
A26: 27 พ.ค. 69 | C26: ค69/02482 | D26: ค69/02482 | E26: 1 | F26: 2100 | J26: 669 | K26: 28 พ.ค. 69
A27: 28 พ.ค. 69 | C27: - | D27: - | E27: - | F27: - | J27: 673 | K27: 29 พ.ค. 69
A28: รวม | E28: =SUM(E6:E27) -> 4 | F28: =SUM(F6:F27) -> 9300

Sheet มิ.ย.69
A1: รายงานการรับชำระค่าธรรมเนียมผ่านเคาน์เตอร์เซอร์วิส เดือน มิถุนายน 2569
A3: วันที่ชำระ | B3: ข้อมูลกฎหมาย | C3: นำรายได้ ส่ง คพ. (ระบบ Trade) | I3: หมายเหตุ | J3: พน0401.1/ | K3: วันที่ส่ง
B4: กฎหมาย | C4: จาก | D4: ถึง | E4: จำนวนใบเสร็จ | F4: จำนวนเงิน | G4: ยกเลิกใบเสร็จ
G5: จำนวนใบเสร็จ | H5: เลขที่ใบเสร็จ
A6: 29 พ.ค. - 1 มิ.ย. 69 | C6: - | D6: - | E6: - | F6: - | J6: 680 | K6: 2 มิ.ย. 69
A7: 2 - 3 มิ.ย. 69 | C7: - | D7: - | E7: - | F7: - | J7: 687 | K7: 4 มิ.ย. 69
A8: 4 มิ.ย. 69 | C8: ค69/02483 | D8: ค69/02483 | E8: 1 | F8: 2100 | J8: 693 | K8: 5 มิ.ย. 69
A9: 5 - 7 มิ.ย. 69 | C9: - | D9: - | E9: - | F9: - | J9: 700 | K9: 8 มิ.ย. 69
A10: 8 มิ.ย. 69 | C10: - | D10: - | E10: - | F10: - | J10: 706 | K10: 9 มิ.ย. 69
A11: 9 มิ.ย. 69 | C11: - | D11: - | E11: - | F11: - | J11: 712 | K11: 10 มิ.ย. 69
A12: 10 มิ.ย. 69 | C12: - | D12: - | E12: - | F12: - | J12: 718 | K12: 11 มิ.ย. 69
A13: 11 มิ.ย. 69 | C13: ค69/02484 | D13: ค69/02484 | E13: 1 | F13: 2100 | J13: 724 | K13: 12 มิ.ย. 69
A14: 12 - 14 มิ.ย. 69 | C14: - | D14: - | E14: - | F14: - | J14: 730 | K14: 15 มิ.ย. 69
A15: 15 มิ.ย. 69 | C15: - | D15: - | E15: - | F15: - | J15: 737 | K15: 16 มิ.ย. 69
A16: 16 มิ.ย. 69 | C16: - | D16: - | E16: - | F16: - | J16: 741 | K16: 17 มิ.ย. 69
A17: 17 มิ.ย. 69 | C17: - | D17: - | E17: - | F17: - | J17: 746 | K17: 18 มิ.ย. 69
A18: 18 มิ.ย. 69 | C18: - | D18: - | E18: - | F18: - | J18: 754 | K18: 19 มิ.ย. 69
A19: 19 - 21 มิ.ย. 69 | C19: - | D19: - | E19: - | F19: - | J19: 763 | K19: 22 มิ.ย. 69
A20: 22 มิ.ย. 69 | C20: - | D20: - | E20: - | F20: - | J20: 772 | K20: 23 มิ.ย. 69
A21: 23 มิ.ย. 69 | C21: ค69/02485 | D21: - | E21: 1 | F21: 2100 | J21: 780 | K21: 24 มิ.ย. 69
A23: 24 มิ.ย. 69 | C23: - | D23: - | E23: - | F23: - | J23: 787 | K23: 25 มิ.ย. 69
A24: 25 มิ.ย. 69 | C24: - | D24: - | E24: - | F24: - | J24: 793 | K24: 26 มิ.ย. 69
A25: 26 - 28 มิ.ย. 69 | C25: - | D25: - | E25: - | F25: - | J25: 801 | K25: 29 มิ.ย. 69
A26: 29 มิ.ย. 69 | C26: - | D26: - | E26: - | F26: - | J26: 810 | K26: 30 มิ.ย. 69
A27: 30 มิ.ย. 69 | C27: ค69/02486 | D27: - | E27: 1 | F27: 2100 | J27: 815 | K27: 1 ก.ค. 69
A28: รวม | E28: =SUM(E6:E27) -> 4 | F28: =SUM(F6:F27) -> 8400

Sheet ก.ค.69
A1: รายงานการรับชำระค่าธรรมเนียมผ่านเคาน์เตอร์เซอร์วิส เดือน กรกฎาคม 2569
A3: วันที่ชำระ | B3: ข้อมูลกฎหมาย | C3: นำรายได้ ส่ง คพ. (ระบบ Trade) | I3: หมายเหตุ | J3: พน0401.1/ | K3: วันที่ส่ง
B4: กฎหมาย | C4: จาก | D4: ถึง | E4: จำนวนใบเสร็จ | F4: จำนวนเงิน | G4: ยกเลิกใบเสร็จ
G5: จำนวนใบเสร็จ | H5: เลขที่ใบเสร็จ
A6: 1 ก.ค. 69 | C6: - | D6: - | E6: - | F6: - | J6: 823 | K6: 2 ก.ค. 69
A7: 2 ก.ค. 69 | C7: - | D7: - | E7: - | F7: - | J7: 829 | K7: 3 ก.ค. 69
A8: 3 - 5 ก.ค. 69 | C8: - | D8: - | E8: - | F8: - | J8: 833 | K8: 4 ก.ค. 69
A9: 6 ก.ค. 69 | C9: - | D9: - | E9: - | F9: - | J9: 841 | K9: 7 ก.ค. 69
A10: 7 ก.ค. 69 | C10: - | D10: - | E10: - | F10: - | J10: 847 | K10: 8 ก.ค. 69
A11: 8 ก.ค. 69 | C11: - | D11: - | E11: - | F11: - | J11: 853 | K11: 9 ก.ค. 69
A12: 9 ก.ค. 69 | C12: - | D12: - | E12: - | F12: - | J12: 859 | K12: 10 ก.ค. 69
A13: 10 - 12 ก.ค. 69 | C13: - | D13: - | E13: - | F13: - | J13: 866 | K13: 13 ก.ค. 69
A14: 13 ก.ค. 69 | C14: ค69/02487 | D14: - | E14: 1 | F14: 1000 | J14: 871 | K14: 14 ก.ค. 69
A15: 14 ก.ค. 69 | C15: - | D15: - | E15: - | F15: - | J15: 880 | K15: 15 ก.ค. 69
A16: 15 ก.ค. 69 | C16: - | D16: - | E16: - | F16: - | J16: 885 | K16: 16 ก.ค. 69
A17: 16 ก.ค. 69 | C17: - | D17: - | E17: - | F17: - | J17: 894 | K17: 17 ก.ค. 69
A18: 17 - 19 ก.ค. 69 | C18: - | D18: - | E18: - | F18: - | J18: 898 | K18: 20 ก.ค. 69
A22: 20 ก.ค. 69 | C22: - | D22: - | E22: - | F22: - | J22: 906 | K22: 21 ก.ค. 69
A23: 21 ก.ค. 69 | C23: - | D23: - | E23: - | F23: - | J23: 912 | K23: 22 ก.ค. 69
A24: 22 ก.ค. 69 | C24: - | D24: - | E24: - | F24: - | J24: 917 | K24: 23 ก.ค. 69
A25: 23 ก.ค. 69 | C25: - | D25: - | E25: - | F25: - | J25: 922 | K25: 24 ก.ค. 69
A26: 24 - 26 ก.ค. 69 | C26: - | D26: - | E26: - | F26: - | J26: 929 | K26: 27 ก.ค. 69
A27: 27 - 30 ก.ค. 69 | C27: ค69/02488 | D27: - | E27: 1 | F27: 200 | J27: 935 | K27: 31 ก.ค. 69
A28: รวม | E28: =SUM(E6:E27) -> 2 | F28: =SUM(F6:F27) -> 1200

Sheet ส.ค.69
A1: รายงานการรับชำระค่าธรรมเนียมผ่านเคาน์เตอร์เซอร์วิส เดือน สิงหาคม 2569
A3: วันที่ชำระ | B3: ข้อมูลกฎหมาย | C3: นำรายได้ ส่ง คพ. (ระบบ Trade) | I3: หมายเหตุ | J3: พน0401.1/ | K3: วันที่ส่ง
B4: กฎหมาย | C4: จาก | D4: ถึง | E4: จำนวนใบเสร็จ | F4: จำนวนเงิน | G4: ยกเลิกใบเสร็จ
G5: จำนวนใบเสร็จ | H5: เลขที่ใบเสร็จ
A6: 31 ก.ค. - 2 ส.ค. 69 | C6: - | D6: - | E6: - | F6: - | J6: 942 | K6: 3 ส.ค. 69
A7: 3 ส.ค. 69 | C7: - | D7: - | E7: - | F7: - | J7: 947 | K7: 4 ส.ค. 69
A8: 4 ส.ค. 69 | C8: - | D8: - | E8: - | F8: - | J8: 954 | K8: 5 ส.ค. 69
A9: 5 ส.ค. 69 | C9: ค69/02489 | D9: - | E9: 1 | F9: 2100 | J9: 957 | K9: 6 ส.ค. 69
A10: 6 ส.ค. 69 | C10: - | D10: - | E10: - | F10: - | J10: 965 | K10: 7 ส.ค. 69
A11: 7 - 9 ส.ค. 69 | C11: - | D11: - | E11: - | F11: - | J11: 971 | K11: 10 ส.ค. 69
A12: 10 ส.ค. 69 | C12: - | D12: - | E12: - | F12: - | J12: 977 | K12: 11 ส.ค. 69
A13: 11 - 12 ส.ค. 69 | C13: - | D13: - | E13: - | F13: - | J13: 981 | K13: 13 ส.ค. 69
A14: 13 ส.ค. 69 | C14: - | D14: - | E14: - | F14: - | J14: 990 | K14: 14 ส.ค. 69
A15: 14 - 16 ส.ค. 69 | C15: - | D15: - | E15: - | F15: - | J15: 999 | K15: 17 ส.ค. 69
A16: 17 ส.ค. 69 | C16: ค69/02490 | D16: - | E16: 1 | F16: 2100 | J16: 1007 | K16: 18 ส.ค. 69
A17: 18 ส.ค. 69 | C17: ค69/02491 | D17: - | E17: 1 | F17: 2100 | J17: 1012 | K17: 19 ส.ค. 69
A18: 19 ส.ค. 69 | C18: - | D18: - | E18: - | F18: - | J18: 1018 | K18: 20 ส.ค. 69
A19: 20 ส.ค. 69 | C19: ค69/02492 | D19: - | E19: 1 | F19: 2100 | J19: 1021 | K19: 21 ส.ค. 69
A20: 21 - 23 ส.ค. 69 | C20: - | D20: - | E20: - | F20: - | J20: 1029 | K20: 24 ส.ค. 69
A21: 24 ส.ค. 69 | C21: - | D21: - | E21: - | F21: - | J21: 1035 | K21: 25 ส.ค. 69
A22: 25 ส.ค. 69 | C22: - | D22: - | E22: - | F22: - | J22: 1044 | K22: 26 ส.ค. 69
A24: 26 ส.ค. 69 | C24: - | D24: - | E24: - | F24: - | J24: 1053 | K24: 27 ส.ค. 69
A25: 27 ส.ค. 69 | C25: - | D25: - | E25: - | F25: - | J25: 1059 | K25: 28 ส.ค. 69
A26: 28 - 30 ส.ค. 69 | C26: - | D26: - | E26: - | F26: - | J26: 1066 | K26: 31 ส.ค. 69
A27: 31 ส.ค. 69 | C27: - | D27: - | E27: - | F27: - | J27: 1071 | K27: 1 ก.ย. 69
A28: รวม | E28: =SUM(E6:E27) -> 4 | F28: =SUM(F6:F27) -> 8400

Sheet ก.ย. 69
A1: รายงานการรับชำระค่าธรรมเนียมผ่านเคาน์เตอร์เซอร์วิส เดือน กันยายน 2569
A3: วันที่ชำระ | B3: ข้อมูลกฎหมาย | C3: นำรายได้ ส่ง คพ. (ระบบ Trade) | I3: หมายเหตุ | J3: พน0401.1/ | K3: วันที่ส่ง
B4: กฎหมาย | C4: จาก | D4: ถึง | E4: จำนวนใบเสร็จ | F4: จำนวนเงิน | G4: ยกเลิกใบเสร็จ
G5: จำนวนใบเสร็จ | H5: เลขที่ใบเสร็จ
A6: 1 ก.ย. 69 | C6: - | F6: - | J6: 1083 | K6: 2 ก.ย. 69
A7: 2 ก.ย. 69 | C7: - | G7: 11 | H7: ค69/02493 - ค69/02503 | I7: นำเข้าผิดช่องทาง | J7: 1089 | K7: 3 ก.ย. 69
A8: 3 ก.ย. 69 | C8: - | J8: 1096 | K8: 4 ก.ย. 69
A9: 4 - 6 ก.ย.. 69 | C9: - | J9: 1107 | K9: 7 ก.ย. 69
A10: 7 ก.ย. 69 | C10: ค69/02504 | D10: - | E10: 1 | F10: 4000 | J10: 1112 | K10: 8 ก.ย. 69
A11: 8 ก.ย. 69 | C11: - | J11: 1117 | K11: 9 ก.ย. 69
A12: 9 ก.ย. 69 | J12: 1122 | K12: 10 ก.ย. 69
A13: 10 ก.ย. 69 | J13: 1130 | K13: 11 ก.ย. 69
A14: 11 - 13 ก.ย.. 69 | J14: 1140 | K14: 14 ก.ย. 69
A15: 14 ก.ย.. 69
A16: 15 ก.ย.. 69
A17: 16 ก.ย.. 69
A18: 17 ก.ย.. 69
A19: 18 - 20 ก.ย.. 69
A20: 21 ก.ย.. 69
A21: 22 ก.ย.. 69
A22: 23 ก.ย.. 69
A23: 24 ก.ย.. 69
A24: 25 - 27 ก.ย.. 69
A25: 28 ก.ย.. 69
A26: 29 ก.ย.. 69
A27: 30 ก.ย.. 69
A28: รวม | E28: =SUM(E6:E27) -> 1 | F28: =SUM(F6:F27) -> 4000

Sheet สรุปยอด
A1: รายงานการรับชำระค่าธรรมเนียมผ่านเคาน์เตอร์เซอร์วิส 2569
A3: เดือน | B3: ระบบ Safety | D3: ระบบ Receipt | F3: ระบบ Trade | H3: รวม
B4: จำนวนใบเสร็จ | C4: จำนวนเงิน | D4: จำนวนใบเสร็จ | E4: จำนวนเงิน | F4: จำนวนใบเสร็จ | G4: จำนวนเงิน | H4: จำนวนใบเสร็จ | I4: จำนวนเงิน
A5: ต.ค.68 | F5: ='ต.ค. 68'!D28 -> 0 | G5: ='ต.ค. 68'!E28 -> 0 | H5: =SUM(B5,D5,F5) -> 0 | I5: =SUM(C5,E5,G5) -> 0
A6: พ.ย.68 | F6: ='พ.ย.68'!D28 -> 0 | G6: ='พ.ย.68'!E28 -> 0 | H6: =SUM(B6,D6,F6) -> 0 | I6: =SUM(C6,E6,G6) -> 0
A7: ธ.ค.68 | F7: ='ธ.ค. 68'!D28 -> 569 | G7: ='ธ.ค. 68'!E28 -> 873400 | H7: =SUM(B7,D7,F7) -> 569 | I7: =SUM(C7,E7,G7) -> 873400
A8: ม.ค.69 | F8: ='ม.ค.69'!D28 -> 997 | G8: ='ม.ค.69'!E28 -> 1336300 | H8: =SUM(B8,D8,F8) -> 997 | I8: =SUM(C8,E8,G8) -> 1336300
A9: ก.พ.69 | F9: ='ก.พ.69'!D28 -> 731 | G9: ='ก.พ.69'!E28 -> 1069900 | H9: =SUM(B9,D9,F9) -> 731 | I9: =SUM(C9,E9,G9) -> 1069900
A10: มี.ค.69 | F10: ='มี.ค.69'!D28 -> 156 | G10: ='มี.ค.69'!E28 -> 224600 | H10: =SUM(B10,D10,F10) -> 156 | I10: =SUM(C10,E10,G10) -> 224600
A11: เม.ย.69 | F11: ='เม.ย.69'!D28 -> 5 | G11: ='เม.ย.69'!E28 -> 8500 | H11: =SUM(B11,D11,F11) -> 5 | I11: =SUM(C11,E11,G11) -> 8500
A12: พ.ค.69 | F12: ='พ.ค.69'!D28 -> 4 | G12: ='พ.ค.69'!E28 -> 9300 | H12: =SUM(B12,D12,F12) -> 4 | I12: =SUM(C12,E12,G12) -> 9300
A13: มิ.ย.69 | F13: ='มิ.ย.69'!D28 -> 4 | G13: ='มิ.ย.69'!E28 -> 8400 | H13: =SUM(B13,D13,F13) -> 4 | I13: =SUM(C13,E13,G13) -> 8400
A14: ก.ค.69 | F14: ='ก.ค.69'!D28 -> 2 | G14: ='ก.ค.69'!E28 -> 1200 | H14: =SUM(B14,D14,F14) -> 2 | I14: =SUM(C14,E14,G14) -> 1200
A15: ส.ค.69 | F15: ='ส.ค.69'!D28 -> 4 | G15: ='ส.ค.69'!E28 -> 8400 | H15: =SUM(B15,D15,F15) -> 4 | I15: =SUM(C15,E15,G15) -> 8400
A16: ก.ย.69 | F16: ='ก.ย. 69'!D28 -> 1 | G16: ='ก.ย. 69'!E28 -> 4000 | H16: =SUM(B16,D16,F16) -> 1 | I16: =SUM(C16,E16,G16) -> 4000
A17: รวม | B17: =SUM(B5:B16) -> 0 | C17: =SUM(C3:C16) -> 0 | D17: =SUM(D3:D16) -> 0 | E17: =SUM(E3:E16) -> 0 | F17: =SUM(F3:F16) -> 2473 | G17: =SUM(G3:G16) -> 3544000 | H17: =SUM(H5:H16) -> 2473 | I17: =SUM(I5:I16) -> 3544000
